[
    {
        "id":"aaaa",
        "title": "kur",
        "subtitle": "malykKur",
        "content": "moqtaStatiq",
        "date": "15.03.2023",
        "link": "http://www.google.com",
		"imgLink": "assets/Papers/pic/anxiety.jpg",
        "author": "Georgi Ivanov"
    },
    {
        "id":"bbbb",
        "title": "kur2",
        "subtitle": "malykKur2",
        "content": "moqtaStatiq2",
        "date": "15.03.2023",
        "link": "http:/ww.google.com",
		"imgLink": "assets/Papers/pic/anxiety.jpg",
        "author": "Georgi Ivanov"
    },
    {
        "id":"003",
        "title": "kur3333",
        "subtitle": "malykKur3333",
        "content": "moqtaStatiq3333",
        "date": "15.03.2023",
        "link": "http://www.google.com",
		"imgLink": "assets/Papers/pic/anxiety.jpg",
        "author": "Georgi Ivanov"
    },
    {
        "id":"004",
        "title": "kur444",
        "subtitle": "malykKur444",
        "content": "moqMalykKur444",
        "date": "15.03.2023",
        "link": "http://www.google.com",
		"imgLink": "assets/Papers/pic/anxiety.jpg",
        "author": "Georgi Ivanov"
    }
]